Workbook

Sheet LEIA-ME
C4: Base das equipes de campo · AGA
C5: Em branco, para preencher · 16/10/2026
B8: 1 | C8: EQUIPES | D8: Liste as equipes, o contrato de cada uma e o início e o fim.
B9: 2 | C9: PESSOAS | D9: Liste as pessoas de cada equipe: função, nome, viatura e status. Nome em branco = vaga aberta.
B10: 3 | C10: MOVIMENTAÇÕES | D10: Para mover, liberar ou desmobilizar alguém: escolha a Ação na linha da pessoa.
B11: 4 | C11: VIATURAS | D11: Placa, modelo e por quanto tempo cada viatura fica na equipe.
B12: 5 | C12: ENVIAR | D12: Salve e envie no sistema: Base › Enviar planejamento preenchido. A primeira carga da AGA é feita pelo administrador em Base › Importar planilha.
C14: Amarelo | D14: É aqui que você escreve.
C15: Cinza | D15: O Excel preenche sozinho. Não precisa mexer.
C17: As colunas que não aparecem estão escondidas de propósito (são técnicas, o sistema usa). Não troque o nome das abas nem dos cabeçalhos.

Sheet EQUIPES
A1: Cliente | B1: Contrato | C1: Equipe | D1: Início da equipe | E1: Fim da equipe | F1: Local / frente | G1: Gestor | H1: Observação | I1: Status | J1: Posições | K1: Com nome | L1: Sem nome informado | M1: Vagas abertas | N1: Viaturas
A2: AGA | J2: =IF($C2="","",COUNTIFS(PESSOAS!$A$2:$A$600,$A2,PESSOAS!$C$2:$C$600,$C2,PESSOAS!$F$2:$F$600,"?*")) | K2: =IF($C2="","",COUNTIFS(PESSOAS!$A$2:$A$600,$A2,PESSOAS!$C$2:$C$600,$C2,PESSOAS!$F$2:$F$600,"?*",PESSOAS!$D$2:$D$600,"?*")) | L2: =IF($C2="","",COUNTIFS(PESSOAS!$A$2:$A$600,$A2,PESSOAS!$C$2:$C$600,$C2,PESSOAS!$K$2:$K$600,"Sem nome informado")) | M2: =IF($C2="","",J2-K2-L2) | N2: =IF($C2="","",COUNTIFS(VIATURAS!$G$2:$G$600,$C2))
A3: AGA | J3: =IF($C3="","",COUNTIFS(PESSOAS!$A$2:$A$600,$A3,PESSOAS!$C$2:$C$600,$C3,PESSOAS!$F$2:$F$600,"?*")) | K3: =IF($C3="","",COUNTIFS(PESSOAS!$A$2:$A$600,$A3,PESSOAS!$C$2:$C$600,$C3,PESSOAS!$F$2:$F$600,"?*",PESSOAS!$D$2:$D$600,"?*")) | L3: =IF($C3="","",COUNTIFS(PESSOAS!$A$2:$A$600,$A3,PESSOAS!$C$2:$C$600,$C3,PESSOAS!$K$2:$K$600,"Sem nome informado")) | M3: =IF($C3="","",J3-K3-L3) | N3: =IF($C3="","",COUNTIFS(VIATURAS!$G$2:$G$600,$C3))
A4: AGA | J4: =IF($C4="","",COUNTIFS(PESSOAS!$A$2:$A$600,$A4,PESSOAS!$C$2:$C$600,$C4,PESSOAS!$F$2:$F$600,"?*")) | K4: =IF($C4="","",COUNTIFS(PESSOAS!$A$2:$A$600,$A4,PESSOAS!$C$2:$C$600,$C4,PESSOAS!$F$2:$F$600,"?*",PESSOAS!$D$2:$D$600,"?*")) | L4: =IF($C4="","",COUNTIFS(PESSOAS!$A$2:$A$600,$A4,PESSOAS!$C$2:$C$600,$C4,PESSOAS!$K$2:$K$600,"Sem nome informado")) | M4: =IF($C4="","",J4-K4-L4) | N4: =IF($C4="","",COUNTIFS(VIATURAS!$G$2:$G$600,$C4))
A5: AGA | J5: =IF($C5="","",COUNTIFS(PESSOAS!$A$2:$A$600,$A5,PESSOAS!$C$2:$C$600,$C5,PESSOAS!$F$2:$F$600,"?*")) | K5: =IF($C5="","",COUNTIFS(PESSOAS!$A$2:$A$600,$A5,PESSOAS!$C$2:$C$600,$C5,PESSOAS!$F$2:$F$600,"?*",PESSOAS!$D$2:$D$600,"?*")) | L5: =IF($C5="","",COUNTIFS(PESSOAS!$A$2:$A$600,$A5,PESSOAS!$C$2:$C$600,$C5,PESSOAS!$K$2:$K$600,"Sem nome informado")) | M5: =IF($C5="","",J5-K5-L5) | N5: =IF($C5="","",COUNTIFS(VIATURAS!$G$2:$G$600,$C5))
A6: AGA | J6: =IF($C6="","",COUNTIFS(PESSOAS!$A$2:$A$600,$A6,PESSOAS!$C$2:$C$600,$C6,PESSOAS!$F$2:$F$600,"?*")) | K6: =IF($C6="","",COUNTIFS(PESSOAS!$A$2:$A$600,$A6,PESSOAS!$C$2:$C$600,$C6,PESSOAS!$F$2:$F$600,"?*",PESSOAS!$D$2:$D$600,"?*")) | L6: =IF($C6="","",COUNTIFS(PESSOAS!$A$2:$A$600,$A6,PESSOAS!$C$2:$C$600,$C6,PESSOAS!$K$2:$K$600,"Sem nome informado")) | M6: =IF($C6="","",J6-K6-L6) | N6: =IF($C6="","",COUNTIFS(VIATURAS!$G$2:$G$600,$C6))
A7: AGA | J7: =IF($C7="","",COUNTIFS(PESSOAS!$A$2:$A$600,$A7,PESSOAS!$C$2:$C$600,$C7,PESSOAS!$F$2:$F$600,"?*")) | K7: =IF($C7="","",COUNTIFS(PESSOAS!$A$2:$A$600,$A7,PESSOAS!$C$2:$C$600,$C7,PESSOAS!$F$2:$F$600,"?*",PESSOAS!$D$2:$D$600,"?*")) | L7: =IF($C7="","",COUNTIFS(PESSOAS!$A$2:$A$600,$A7,PESSOAS!$C$2:$C$600,$C7,PESSOAS!$K$2:$K$600,"Sem nome informado")) | M7: =IF($C7="","",J7-K7-L7) | N7: =IF($C7="","",COUNTIFS(VIATURAS!$G$2:$G$600,$C7))
A8: AGA | J8: =IF($C8="","",COUNTIFS(PESSOAS!$A$2:$A$600,$A8,PESSOAS!$C$2:$C$600,$C8,PESSOAS!$F$2:$F$600,"?*")) | K8: =IF($C8="","",COUNTIFS(PESSOAS!$A$2:$A$600,$A8,PESSOAS!$C$2:$C$600,$C8,PESSOAS!$F$2:$F$600,"?*",PESSOAS!$D$2:$D$600,"?*")) | L8: =IF($C8="","",COUNTIFS(PESSOAS!$A$2:$A$600,$A8,PESSOAS!$C$2:$C$600,$C8,PESSOAS!$K$2:$K$600,"Sem nome informado")) | M8: =IF($C8="","",J8-K8-L8) | N8: =IF($C8="","",COUNTIFS(VIATURAS!$G$2:$G$600,$C8))
A9: AGA | J9: =IF($C9="","",COUNTIFS(PESSOAS!$A$2:$A$600,$A9,PESSOAS!$C$2:$C$600,$C9,PESSOAS!$F$2:$F$600,"?*")) | K9: =IF($C9="","",COUNTIFS(PESSOAS!$A$2:$A$600,$A9,PESSOAS!$C$2:$C$600,$C9,PESSOAS!$F$2:$F$600,"?*",PESSOAS!$D$2:$D$600,"?*")) | L9: =IF($C9="","",COUNTIFS(PESSOAS!$A$2:$A$600,$A9,PESSOAS!$C$2:$C$600,$C9,PESSOAS!$K$2:$K$600,"Sem nome informado")) | M9: =IF($C9="","",J9-K9-L9) | N9: =IF($C9="","",COUNTIFS(VIATURAS!$G$2:$G$600,$C9))
A10: AGA | J10: =IF($C10="","",COUNTIFS(PESSOAS!$A$2:$A$600,$A10,PESSOAS!$C$2:$C$600,$C10,PESSOAS!$F$2:$F$600,"?*")) | K10: =IF($C10="","",COUNTIFS(PESSOAS!$A$2:$A$600,$A10,PESSOAS!$C$2:$C$600,$C10,PESSOAS!$F$2:$F$600,"?*",PESSOAS!$D$2:$D$600,"?*")) | L10: =IF($C10="","",COUNTIFS(PESSOAS!$A$2:$A$600,$A10,PESSOAS!$C$2:$C$600,$C10,PESSOAS!$K$2:$K$600,"Sem nome informado")) | M10: =IF($C10="","",J10-K10-L10) | N10: =IF($C10="","",COUNTIFS(VIATURAS!$G$2:$G$600,$C10))
A11: AGA | J11: =IF($C11="","",COUNTIFS(PESSOAS!$A$2:$A$600,$A11,PESSOAS!$C$2:$C$600,$C11,PESSOAS!$F$2:$F$600,"?*")) | K11: =IF($C11="","",COUNTIFS(PESSOAS!$A$2:$A$600,$A11,PESSOAS!$C$2:$C$600,$C11,PESSOAS!$F$2:$F$600,"?*",PESSOAS!$D$2:$D$600,"?*")) | L11: =IF($C11="","",COUNTIFS(PESSOAS!$A$2:$A$600,$A11,PESSOAS!$C$2:$C$600,$C11,PESSOAS!$K$2:$K$600,"Sem nome informado")) | M11: =IF($C11="","",J11-K11-L11) | N11: =IF($C11="","",COUNTIFS(VIATURAS!$G$2:$G$600,$C11))
A12: AGA | J12: =IF($C12="","",COUNTIFS(PESSOAS!$A$2:$A$600,$A12,PESSOAS!$C$2:$C$600,$C12,PESSOAS!$F$2:$F$600,"?*")) | K12: =IF($C12="","",COUNTIFS(PESSOAS!$A$2:$A$600,$A12,PESSOAS!$C$2:$C$600,$C12,PESSOAS!$F$2:$F$600,"?*",PESSOAS!$D$2:$D$600,"?*")) | L12: =IF($C12="","",COUNTIFS(PESSOAS!$A$2:$A$600,$A12,PESSOAS!$C$2:$C$600,$C12,PESSOAS!$K$2:$K$600,"Sem nome informado")) | M12: =IF($C12="","",J12-K12-L12) | N12: =IF($C12="","",COUNTIFS(VIATURAS!$G$2:$G$600,$C12))
A13: AGA | J13: =IF($C13="","",COUNTIFS(PESSOAS!$A$2:$A$600,$A13,PESSOAS!$C$2:$C$600,$C13,PESSOAS!$F$2:$F$600,"?*")) | K13: =IF($C13="","",COUNTIFS(PESSOAS!$A$2:$A$600,$A13,PESSOAS!$C$2:$C$600,$C13,PESSOAS!$F$2:$F$600,"?*",PESSOAS!$D$2:$D$600,"?*")) | L13: =IF($C13="","",COUNTIFS(PESSOAS!$A$2:$A$600,$A13,PESSOAS!$C$2:$C$600,$C13,PESSOAS!$K$2:$K$600,"Sem nome informado")) | M13: =IF($C13="","",J13-K13-L13) | N13: =IF($C13="","",COUNTIFS(VIATURAS!$G$2:$G$600,$C13))
... A41: AGA | J41: =IF($C41="","",COUNTIFS(PESSOAS!$A$2:$A$600,$A41,PESSOAS!$C$2:$C$600,$C41,PESSOAS!$F$2:$F$600,"?*")) | K41: =IF($C41="","",COUNTIFS(PESSOAS!$A$2:$A$600,$A41,PESSOAS!$C$2:$C$600,$C41,PESSOAS!$F$2:$F$600,"?*",PESSOAS!$D$2:$D$600,"?*")) | L41: =IF($C41="","",COUNTIFS(PESSOAS!$A$2:$A$600,$A41,PESSOAS!$C$2:$C$600,$C41,PESSOAS!$K$2:$K$600,"Sem nome informado")) | M41: =IF($C41="","",J41-K41-L41) | N41: =IF($C41="","",COUNTIFS(VIATURAS!$G$2:$G$600,$C41))

Sheet PESSOAS
A1: Cliente | B1: Contrato | C1: Equipe | D1: Profissional | E1: Empresa | F1: Função | G1: Nível | H1: Atividade | I1: Direção 4x4 | J1: Viatura | K1: Posição | L1: Status | M1: Status: início | N1: Status: fim | O1: Previsão de entrada | P1: Contrato atual (outro) | Q1: Disponível a partir de | R1: Destino | S1: Observação
A2: AGA | B2: =IF(C2="","",IFERROR(INDEX(EQUIPES!$B$2:$B$600,MATCH(C2,EQUIPES!$C$2:$C$600,0))&"",""))
A3: AGA | B3: =IF(C3="","",IFERROR(INDEX(EQUIPES!$B$2:$B$600,MATCH(C3,EQUIPES!$C$2:$C$600,0))&"",""))
A4: AGA | B4: =IF(C4="","",IFERROR(INDEX(EQUIPES!$B$2:$B$600,MATCH(C4,EQUIPES!$C$2:$C$600,0))&"",""))
A5: AGA | B5: =IF(C5="","",IFERROR(INDEX(EQUIPES!$B$2:$B$600,MATCH(C5,EQUIPES!$C$2:$C$600,0))&"",""))
A6: AGA | B6: =IF(C6="","",IFERROR(INDEX(EQUIPES!$B$2:$B$600,MATCH(C6,EQUIPES!$C$2:$C$600,0))&"",""))
A7: AGA | B7: =IF(C7="","",IFERROR(INDEX(EQUIPES!$B$2:$B$600,MATCH(C7,EQUIPES!$C$2:$C$600,0))&"",""))
A8: AGA | B8: =IF(C8="","",IFERROR(INDEX(EQUIPES!$B$2:$B$600,MATCH(C8,EQUIPES!$C$2:$C$600,0))&"",""))
A9: AGA | B9: =IF(C9="","",IFERROR(INDEX(EQUIPES!$B$2:$B$600,MATCH(C9,EQUIPES!$C$2:$C$600,0))&"",""))
A10: AGA | B10: =IF(C10="","",IFERROR(INDEX(EQUIPES!$B$2:$B$600,MATCH(C10,EQUIPES!$C$2:$C$600,0))&"",""))
A11: AGA | B11: =IF(C11="","",IFERROR(INDEX(EQUIPES!$B$2:$B$600,MATCH(C11,EQUIPES!$C$2:$C$600,0))&"",""))
A12: AGA | B12: =IF(C12="","",IFERROR(INDEX(EQUIPES!$B$2:$B$600,MATCH(C12,EQUIPES!$C$2:$C$600,0))&"",""))
A13: AGA | B13: =IF(C13="","",IFERROR(INDEX(EQUIPES!$B$2:$B$600,MATCH(C13,EQUIPES!$C$2:$C$600,0))&"",""))
... A301: AGA | B301: =IF(C301="","",IFERROR(INDEX(EQUIPES!$B$2:$B$600,MATCH(C301,EQUIPES!$C$2:$C$600,0))&"",""))

Sheet MOVIMENTAÇÕES
C1: MOVIMENTAÇÕES
A2: Para mover, liberar ou desmobilizar alguém: na linha da pessoa, escolha a Ação (célula amarela) e, se for mover, a Equipe destino. A coluna Conferência diz se está pronto. Depois envie a planilha no sistema em Base › Enviar planejamento preenchido.
A4: Equipe | B4: Contrato | C4: Função | D4: Profissional | E4: Situação hoje | F4: Viatura | G4: Ação | H4: Equipe destino | I4: Novo status | J4: Até (férias, afastamento) | K4: A partir de | L4: Observação | M4: Conferência
M5: =IF($G5="","",IF(AND(LEFT($G5,5)="Mover",$H5=""),"Falta a equipe destino",IF(AND(LEFT($G5,5)="Mover",$H5=$A5),"Já está nesta equipe",IF(AND(LEFT($G5,5)="Mover",COUNTIF(EQUIPES!$C$2:$C$300,$H5)=0),"Equipe destino não existe",IF(AND($G5="Mudar status",$I5=""),"Falta o novo status",IF(AND($G5="Mudar status",OR(AND($K5<>"",$J5=""),AND($K5="",$J5<>""))),"Preencha A partir de e Até",IF(AND($G5<>"Mudar status",$K5<>"",$K5>TODAY()),"Data futura: o sistema aplica na hora","Pronto para enviar")))))))
M6: =IF($G6="","",IF(AND(LEFT($G6,5)="Mover",$H6=""),"Falta a equipe destino",IF(AND(LEFT($G6,5)="Mover",$H6=$A6),"Já está nesta equipe",IF(AND(LEFT($G6,5)="Mover",COUNTIF(EQUIPES!$C$2:$C$300,$H6)=0),"Equipe destino não existe",IF(AND($G6="Mudar status",$I6=""),"Falta o novo status",IF(AND($G6="Mudar status",OR(AND($K6<>"",$J6=""),AND($K6="",$J6<>""))),"Preencha A partir de e Até",IF(AND($G6<>"Mudar status",$K6<>"",$K6>TODAY()),"Data futura: o sistema aplica na hora","Pronto para enviar")))))))
M7: =IF($G7="","",IF(AND(LEFT($G7,5)="Mover",$H7=""),"Falta a equipe destino",IF(AND(LEFT($G7,5)="Mover",$H7=$A7),"Já está nesta equipe",IF(AND(LEFT($G7,5)="Mover",COUNTIF(EQUIPES!$C$2:$C$300,$H7)=0),"Equipe destino não existe",IF(AND($G7="Mudar status",$I7=""),"Falta o novo status",IF(AND($G7="Mudar status",OR(AND($K7<>"",$J7=""),AND($K7="",$J7<>""))),"Preencha A partir de e Até",IF(AND($G7<>"Mudar status",$K7<>"",$K7>TODAY()),"Data futura: o sistema aplica na hora","Pronto para enviar")))))))
M8: =IF($G8="","",IF(AND(LEFT($G8,5)="Mover",$H8=""),"Falta a equipe destino",IF(AND(LEFT($G8,5)="Mover",$H8=$A8),"Já está nesta equipe",IF(AND(LEFT($G8,5)="Mover",COUNTIF(EQUIPES!$C$2:$C$300,$H8)=0),"Equipe destino não existe",IF(AND($G8="Mudar status",$I8=""),"Falta o novo status",IF(AND($G8="Mudar status",OR(AND($K8<>"",$J8=""),AND($K8="",$J8<>""))),"Preencha A partir de e Até",IF(AND($G8<>"Mudar status",$K8<>"",$K8>TODAY()),"Data futura: o sistema aplica na hora","Pronto para enviar")))))))
M9: =IF($G9="","",IF(AND(LEFT($G9,5)="Mover",$H9=""),"Falta a equipe destino",IF(AND(LEFT($G9,5)="Mover",$H9=$A9),"Já está nesta equipe",IF(AND(LEFT($G9,5)="Mover",COUNTIF(EQUIPES!$C$2:$C$300,$H9)=0),"Equipe destino não existe",IF(AND($G9="Mudar status",$I9=""),"Falta o novo status",IF(AND($G9="Mudar status",OR(AND($K9<>"",$J9=""),AND($K9="",$J9<>""))),"Preencha A partir de e Até",IF(AND($G9<>"Mudar status",$K9<>"",$K9>TODAY()),"Data futura: o sistema aplica na hora","Pronto para enviar")))))))
M10: =IF($G10="","",IF(AND(LEFT($G10,5)="Mover",$H10=""),"Falta a equipe destino",IF(AND(LEFT($G10,5)="Mover",$H10=$A10),"Já está nesta equipe",IF(AND(LEFT($G10,5)="Mover",COUNTIF(EQUIPES!$C$2:$C$300,$H10)=0),"Equipe destino não existe",IF(AND($G10="Mudar status",$I10=""),"Falta o novo status",IF(AND($G10="Mudar status",OR(AND($K10<>"",$J10=""),AND($K10="",$J10<>""))),"Preencha A partir de e Até",IF(AND($G10<>"Mudar status",$K10<>"",$K10>TODAY()),"Data futura: o sistema aplica na hora","Pronto para enviar")))))))
M11: =IF($G11="","",IF(AND(LEFT($G11,5)="Mover",$H11=""),"Falta a equipe destino",IF(AND(LEFT($G11,5)="Mover",$H11=$A11),"Já está nesta equipe",IF(AND(LEFT($G11,5)="Mover",COUNTIF(EQUIPES!$C$2:$C$300,$H11)=0),"Equipe destino não existe",IF(AND($G11="Mudar status",$I11=""),"Falta o novo status",IF(AND($G11="Mudar status",OR(AND($K11<>"",$J11=""),AND($K11="",$J11<>""))),"Preencha A partir de e Até",IF(AND($G11<>"Mudar status",$K11<>"",$K11>TODAY()),"Data futura: o sistema aplica na hora","Pronto para enviar")))))))
M12: =IF($G12="","",IF(AND(LEFT($G12,5)="Mover",$H12=""),"Falta a equipe destino",IF(AND(LEFT($G12,5)="Mover",$H12=$A12),"Já está nesta equipe",IF(AND(LEFT($G12,5)="Mover",COUNTIF(EQUIPES!$C$2:$C$300,$H12)=0),"Equipe destino não existe",IF(AND($G12="Mudar status",$I12=""),"Falta o novo status",IF(AND($G12="Mudar status",OR(AND($K12<>"",$J12=""),AND($K12="",$J12<>""))),"Preencha A partir de e Até",IF(AND($G12<>"Mudar status",$K12<>"",$K12>TODAY()),"Data futura: o sistema aplica na hora","Pronto para enviar")))))))
M13: =IF($G13="","",IF(AND(LEFT($G13,5)="Mover",$H13=""),"Falta a equipe destino",IF(AND(LEFT($G13,5)="Mover",$H13=$A13),"Já está nesta equipe",IF(AND(LEFT($G13,5)="Mover",COUNTIF(EQUIPES!$C$2:$C$300,$H13)=0),"Equipe destino não existe",IF(AND($G13="Mudar status",$I13=""),"Falta o novo status",IF(AND($G13="Mudar status",OR(AND($K13<>"",$J13=""),AND($K13="",$J13<>""))),"Preencha A partir de e Até",IF(AND($G13<>"Mudar status",$K13<>"",$K13>TODAY()),"Data futura: o sistema aplica na hora","Pronto para enviar")))))))
M14: =IF($G14="","",IF(AND(LEFT($G14,5)="Mover",$H14=""),"Falta a equipe destino",IF(AND(LEFT($G14,5)="Mover",$H14=$A14),"Já está nesta equipe",IF(AND(LEFT($G14,5)="Mover",COUNTIF(EQUIPES!$C$2:$C$300,$H14)=0),"Equipe destino não existe",IF(AND($G14="Mudar status",$I14=""),"Falta o novo status",IF(AND($G14="Mudar status",OR(AND($K14<>"",$J14=""),AND($K14="",$J14<>""))),"Preencha A partir de e Até",IF(AND($G14<>"Mudar status",$K14<>"",$K14>TODAY()),"Data futura: o sistema aplica na hora","Pronto para enviar")))))))
M15: =IF($G15="","",IF(AND(LEFT($G15,5)="Mover",$H15=""),"Falta a equipe destino",IF(AND(LEFT($G15,5)="Mover",$H15=$A15),"Já está nesta equipe",IF(AND(LEFT($G15,5)="Mover",COUNTIF(EQUIPES!$C$2:$C$300,$H15)=0),"Equipe destino não existe",IF(AND($G15="Mudar status",$I15=""),"Falta o novo status",IF(AND($G15="Mudar status",OR(AND($K15<>"",$J15=""),AND($K15="",$J15<>""))),"Preencha A partir de e Até",IF(AND($G15<>"Mudar status",$K15<>"",$K15>TODAY()),"Data futura: o sistema aplica na hora","Pronto para enviar")))))))
M16: =IF($G16="","",IF(AND(LEFT($G16,5)="Mover",$H16=""),"Falta a equipe destino",IF(AND(LEFT($G16,5)="Mover",$H16=$A16),"Já está nesta equipe",IF(AND(LEFT($G16,5)="Mover",COUNTIF(EQUIPES!$C$2:$C$300,$H16)=0),"Equipe destino não existe",IF(AND($G16="Mudar status",$I16=""),"Falta o novo status",IF(AND($G16="Mudar status",OR(AND($K16<>"",$J16=""),AND($K16="",$J16<>""))),"Preencha A partir de e Até",IF(AND($G16<>"Mudar status",$K16<>"",$K16>TODAY()),"Data futura: o sistema aplica na hora","Pronto para enviar")))))))
... M154: =IF($G154="","",IF(AND(LEFT($G154,5)="Mover",$H154=""),"Falta a equipe destino",IF(AND(LEFT($G154,5)="Mover",$H154=$A154),"Já está nesta equipe",IF(AND(LEFT($G154,5)="Mover",COUNTIF(EQUIPES!$C$2:$C$300,$H154)=0),"Equipe destino não existe",IF(AND($G154="Mudar status",$I154=""),"Falta o novo status",IF(AND($G154="Mudar status",OR(AND($K154<>"",$J154=""),AND($K154="",$J154<>""))),"Preencha A partir de e Até",IF(AND($G154<>"Mudar status",$K154<>"",$K154>TODAY()),"Data futura: o sistema aplica na hora","Pronto para enviar")))))))

Sheet VIATURAS
A1: Viatura | B1: Placa | C1: Modelo | D1: 4x4 | E1: Status | F1: Cliente | G1: Equipe que usa | H1: Contrato | I1: Início na equipe | J1: Fim na equipe | K1: Equipe: início | L1: Equipe: fim | M1: Confere com a equipe? | N1: Pessoas | O1: Será substituída por | P1: Troca em | Q1: Observação
F2: AGA | H2: =IF($G2="","",IFERROR(INDEX(EQUIPES!$B$2:$B$300,MATCH($G2,EQUIPES!$C$2:$C$300,0))&"","")) | K2: =IF($G2="","",IFERROR(IF(INDEX(EQUIPES!$D$2:$D$300,MATCH($G2,EQUIPES!$C$2:$C$300,0))="","",INDEX(EQUIPES!$D$2:$D$300,MATCH($G2,EQUIPES!$C$2:$C$300,0))),"")) | L2: =IF($G2="","",IFERROR(IF(INDEX(EQUIPES!$E$2:$E$300,MATCH($G2,EQUIPES!$C$2:$C$300,0))="","",INDEX(EQUIPES!$E$2:$E$300,MATCH($G2,EQUIPES!$C$2:$C$300,0))),"")) | M2: =IF($G2="","",IF(AND($K2="",$L2=""),"Equipe sem datas",IF(AND($I2="",$J2=""),"Preencher as datas da viatura",IF(AND($I2<>"",$K2<>"",$I2<$K2),"Começa antes do início da equipe",IF(AND($J2<>"",$L2<>"",$J2>$L2),"Termina depois do fim da equipe",IF(AND($I2<>"",$L2<>"",$I2>$L2),"Começa depois que a equipe termina",IF(AND($J2<>"",$K2<>"",$J2<$K2),"Termina antes de a equipe começar",IF(AND($J2="",$L2<>""),"Sem fim na viatura; a equipe tem fim",IF(AND($I2="",$K2<>""),"Sem início na viatura; a equipe tem início","Confere com a equipe"))))))))) | N2: =IF($G2="","",COUNTIFS(PESSOAS!$J$2:$J$600,$A2,PESSOAS!$C$2:$C$600,$G2,PESSOAS!$D$2:$D$600,"?*"))
F3: AGA | H3: =IF($G3="","",IFERROR(INDEX(EQUIPES!$B$2:$B$300,MATCH($G3,EQUIPES!$C$2:$C$300,0))&"","")) | K3: =IF($G3="","",IFERROR(IF(INDEX(EQUIPES!$D$2:$D$300,MATCH($G3,EQUIPES!$C$2:$C$300,0))="","",INDEX(EQUIPES!$D$2:$D$300,MATCH($G3,EQUIPES!$C$2:$C$300,0))),"")) | L3: =IF($G3="","",IFERROR(IF(INDEX(EQUIPES!$E$2:$E$300,MATCH($G3,EQUIPES!$C$2:$C$300,0))="","",INDEX(EQUIPES!$E$2:$E$300,MATCH($G3,EQUIPES!$C$2:$C$300,0))),"")) | M3: =IF($G3="","",IF(AND($K3="",$L3=""),"Equipe sem datas",IF(AND($I3="",$J3=""),"Preencher as datas da viatura",IF(AND($I3<>"",$K3<>"",$I3<$K3),"Começa antes do início da equipe",IF(AND($J3<>"",$L3<>"",$J3>$L3),"Termina depois do fim da equipe",IF(AND($I3<>"",$L3<>"",$I3>$L3),"Começa depois que a equipe termina",IF(AND($J3<>"",$K3<>"",$J3<$K3),"Termina antes de a equipe começar",IF(AND($J3="",$L3<>""),"Sem fim na viatura; a equipe tem fim",IF(AND($I3="",$K3<>""),"Sem início na viatura; a equipe tem início","Confere com a equipe"))))))))) | N3: =IF($G3="","",COUNTIFS(PESSOAS!$J$2:$J$600,$A3,PESSOAS!$C$2:$C$600,$G3,PESSOAS!$D$2:$D$600,"?*"))
F4: AGA | H4: =IF($G4="","",IFERROR(INDEX(EQUIPES!$B$2:$B$300,MATCH($G4,EQUIPES!$C$2:$C$300,0))&"","")) | K4: =IF($G4="","",IFERROR(IF(INDEX(EQUIPES!$D$2:$D$300,MATCH($G4,EQUIPES!$C$2:$C$300,0))="","",INDEX(EQUIPES!$D$2:$D$300,MATCH($G4,EQUIPES!$C$2:$C$300,0))),"")) | L4: =IF($G4="","",IFERROR(IF(INDEX(EQUIPES!$E$2:$E$300,MATCH($G4,EQUIPES!$C$2:$C$300,0))="","",INDEX(EQUIPES!$E$2:$E$300,MATCH($G4,EQUIPES!$C$2:$C$300,0))),"")) | M4: =IF($G4="","",IF(AND($K4="",$L4=""),"Equipe sem datas",IF(AND($I4="",$J4=""),"Preencher as datas da viatura",IF(AND($I4<>"",$K4<>"",$I4<$K4),"Começa antes do início da equipe",IF(AND($J4<>"",$L4<>"",$J4>$L4),"Termina depois do fim da equipe",IF(AND($I4<>"",$L4<>"",$I4>$L4),"Começa depois que a equipe termina",IF(AND($J4<>"",$K4<>"",$J4<$K4),"Termina antes de a equipe começar",IF(AND($J4="",$L4<>""),"Sem fim na viatura; a equipe tem fim",IF(AND($I4="",$K4<>""),"Sem início na viatura; a equipe tem início","Confere com a equipe"))))))))) | N4: =IF($G4="","",COUNTIFS(PESSOAS!$J$2:$J$600,$A4,PESSOAS!$C$2:$C$600,$G4,PESSOAS!$D$2:$D$600,"?*"))
F5: AGA | H5: =IF($G5="","",IFERROR(INDEX(EQUIPES!$B$2:$B$300,MATCH($G5,EQUIPES!$C$2:$C$300,0))&"","")) | K5: =IF($G5="","",IFERROR(IF(INDEX(EQUIPES!$D$2:$D$300,MATCH($G5,EQUIPES!$C$2:$C$300,0))="","",INDEX(EQUIPES!$D$2:$D$300,MATCH($G5,EQUIPES!$C$2:$C$300,0))),"")) | L5: =IF($G5="","",IFERROR(IF(INDEX(EQUIPES!$E$2:$E$300,MATCH($G5,EQUIPES!$C$2:$C$300,0))="","",INDEX(EQUIPES!$E$2:$E$300,MATCH($G5,EQUIPES!$C$2:$C$300,0))),"")) | M5: =IF($G5="","",IF(AND($K5="",$L5=""),"Equipe sem datas",IF(AND($I5="",$J5=""),"Preencher as datas da viatura",IF(AND($I5<>"",$K5<>"",$I5<$K5),"Começa antes do início da equipe",IF(AND($J5<>"",$L5<>"",$J5>$L5),"Termina depois do fim da equipe",IF(AND($I5<>"",$L5<>"",$I5>$L5),"Começa depois que a equipe termina",IF(AND($J5<>"",$K5<>"",$J5<$K5),"Termina antes de a equipe começar",IF(AND($J5="",$L5<>""),"Sem fim na viatura; a equipe tem fim",IF(AND($I5="",$K5<>""),"Sem início na viatura; a equipe tem início","Confere com a equipe"))))))))) | N5: =IF($G5="","",COUNTIFS(PESSOAS!$J$2:$J$600,$A5,PESSOAS!$C$2:$C$600,$G5,PESSOAS!$D$2:$D$600,"?*"))
F6: AGA | H6: =IF($G6="","",IFERROR(INDEX(EQUIPES!$B$2:$B$300,MATCH($G6,EQUIPES!$C$2:$C$300,0))&"","")) | K6: =IF($G6="","",IFERROR(IF(INDEX(EQUIPES!$D$2:$D$300,MATCH($G6,EQUIPES!$C$2:$C$300,0))="","",INDEX(EQUIPES!$D$2:$D$300,MATCH($G6,EQUIPES!$C$2:$C$300,0))),"")) | L6: =IF($G6="","",IFERROR(IF(INDEX(EQUIPES!$E$2:$E$300,MATCH($G6,EQUIPES!$C$2:$C$300,0))="","",INDEX(EQUIPES!$E$2:$E$300,MATCH($G6,EQUIPES!$C$2:$C$300,0))),"")) | M6: =IF($G6="","",IF(AND($K6="",$L6=""),"Equipe sem datas",IF(AND($I6="",$J6=""),"Preencher as datas da viatura",IF(AND($I6<>"",$K6<>"",$I6<$K6),"Começa antes do início da equipe",IF(AND($J6<>"",$L6<>"",$J6>$L6),"Termina depois do fim da equipe",IF(AND($I6<>"",$L6<>"",$I6>$L6),"Começa depois que a equipe termina",IF(AND($J6<>"",$K6<>"",$J6<$K6),"Termina antes de a equipe começar",IF(AND($J6="",$L6<>""),"Sem fim na viatura; a equipe tem fim",IF(AND($I6="",$K6<>""),"Sem início na viatura; a equipe tem início","Confere com a equipe"))))))))) | N6: =IF($G6="","",COUNTIFS(PESSOAS!$J$2:$J$600,$A6,PESSOAS!$C$2:$C$600,$G6,PESSOAS!$D$2:$D$600,"?*"))
F7: AGA | H7: =IF($G7="","",IFERROR(INDEX(EQUIPES!$B$2:$B$300,MATCH($G7,EQUIPES!$C$2:$C$300,0))&"","")) | K7: =IF($G7="","",IFERROR(IF(INDEX(EQUIPES!$D$2:$D$300,MATCH($G7,EQUIPES!$C$2:$C$300,0))="","",INDEX(EQUIPES!$D$2:$D$300,MATCH($G7,EQUIPES!$C$2:$C$300,0))),"")) | L7: =IF($G7="","",IFERROR(IF(INDEX(EQUIPES!$E$2:$E$300,MATCH($G7,EQUIPES!$C$2:$C$300,0))="","",INDEX(EQUIPES!$E$2:$E$300,MATCH($G7,EQUIPES!$C$2:$C$300,0))),"")) | M7: =IF($G7="","",IF(AND($K7="",$L7=""),"Equipe sem datas",IF(AND($I7="",$J7=""),"Preencher as datas da viatura",IF(AND($I7<>"",$K7<>"",$I7<$K7),"Começa antes do início da equipe",IF(AND($J7<>"",$L7<>"",$J7>$L7),"Termina depois do fim da equipe",IF(AND($I7<>"",$L7<>"",$I7>$L7),"Começa depois que a equipe termina",IF(AND($J7<>"",$K7<>"",$J7<$K7),"Termina antes de a equipe começar",IF(AND($J7="",$L7<>""),"Sem fim na viatura; a equipe tem fim",IF(AND($I7="",$K7<>""),"Sem início na viatura; a equipe tem início","Confere com a equipe"))))))))) | N7: =IF($G7="","",COUNTIFS(PESSOAS!$J$2:$J$600,$A7,PESSOAS!$C$2:$C$600,$G7,PESSOAS!$D$2:$D$600,"?*"))
F8: AGA | H8: =IF($G8="","",IFERROR(INDEX(EQUIPES!$B$2:$B$300,MATCH($G8,EQUIPES!$C$2:$C$300,0))&"","")) | K8: =IF($G8="","",IFERROR(IF(INDEX(EQUIPES!$D$2:$D$300,MATCH($G8,EQUIPES!$C$2:$C$300,0))="","",INDEX(EQUIPES!$D$2:$D$300,MATCH($G8,EQUIPES!$C$2:$C$300,0))),"")) | L8: =IF($G8="","",IFERROR(IF(INDEX(EQUIPES!$E$2:$E$300,MATCH($G8,EQUIPES!$C$2:$C$300,0))="","",INDEX(EQUIPES!$E$2:$E$300,MATCH($G8,EQUIPES!$C$2:$C$300,0))),"")) | M8: =IF($G8="","",IF(AND($K8="",$L8=""),"Equipe sem datas",IF(AND($I8="",$J8=""),"Preencher as datas da viatura",IF(AND($I8<>"",$K8<>"",$I8<$K8),"Começa antes do início da equipe",IF(AND($J8<>"",$L8<>"",$J8>$L8),"Termina depois do fim da equipe",IF(AND($I8<>"",$L8<>"",$I8>$L8),"Começa depois que a equipe termina",IF(AND($J8<>"",$K8<>"",$J8<$K8),"Termina antes de a equipe começar",IF(AND($J8="",$L8<>""),"Sem fim na viatura; a equipe tem fim",IF(AND($I8="",$K8<>""),"Sem início na viatura; a equipe tem início","Confere com a equipe"))))))))) | N8: =IF($G8="","",COUNTIFS(PESSOAS!$J$2:$J$600,$A8,PESSOAS!$C$2:$C$600,$G8,PESSOAS!$D$2:$D$600,"?*"))
F9: AGA | H9: =IF($G9="","",IFERROR(INDEX(EQUIPES!$B$2:$B$300,MATCH($G9,EQUIPES!$C$2:$C$300,0))&"","")) | K9: =IF($G9="","",IFERROR(IF(INDEX(EQUIPES!$D$2:$D$300,MATCH($G9,EQUIPES!$C$2:$C$300,0))="","",INDEX(EQUIPES!$D$2:$D$300,MATCH($G9,EQUIPES!$C$2:$C$300,0))),"")) | L9: =IF($G9="","",IFERROR(IF(INDEX(EQUIPES!$E$2:$E$300,MATCH($G9,EQUIPES!$C$2:$C$300,0))="","",INDEX(EQUIPES!$E$2:$E$300,MATCH($G9,EQUIPES!$C$2:$C$300,0))),"")) | M9: =IF($G9="","",IF(AND($K9="",$L9=""),"Equipe sem datas",IF(AND($I9="",$J9=""),"Preencher as datas da viatura",IF(AND($I9<>"",$K9<>"",$I9<$K9),"Começa antes do início da equipe",IF(AND($J9<>"",$L9<>"",$J9>$L9),"Termina depois do fim da equipe",IF(AND($I9<>"",$L9<>"",$I9>$L9),"Começa depois que a equipe termina",IF(AND($J9<>"",$K9<>"",$J9<$K9),"Termina antes de a equipe começar",IF(AND($J9="",$L9<>""),"Sem fim na viatura; a equipe tem fim",IF(AND($I9="",$K9<>""),"Sem início na viatura; a equipe tem início","Confere com a equipe"))))))))) | N9: =IF($G9="","",COUNTIFS(PESSOAS!$J$2:$J$600,$A9,PESSOAS!$C$2:$C$600,$G9,PESSOAS!$D$2:$D$600,"?*"))
F10: AGA | H10: =IF($G10="","",IFERROR(INDEX(EQUIPES!$B$2:$B$300,MATCH($G10,EQUIPES!$C$2:$C$300,0))&"","")) | K10: =IF($G10="","",IFERROR(IF(INDEX(EQUIPES!$D$2:$D$300,MATCH($G10,EQUIPES!$C$2:$C$300,0))="","",INDEX(EQUIPES!$D$2:$D$300,MATCH($G10,EQUIPES!$C$2:$C$300,0))),"")) | L10: =IF($G10="","",IFERROR(IF(INDEX(EQUIPES!$E$2:$E$300,MATCH($G10,EQUIPES!$C$2:$C$300,0))="","",INDEX(EQUIPES!$E$2:$E$300,MATCH($G10,EQUIPES!$C$2:$C$300,0))),"")) | M10: =IF($G10="","",IF(AND($K10="",$L10=""),"Equipe sem datas",IF(AND($I10="",$J10=""),"Preencher as datas da viatura",IF(AND($I10<>"",$K10<>"",$I10<$K10),"Começa antes do início da equipe",IF(AND($J10<>"",$L10<>"",$J10>$L10),"Termina depois do fim da equipe",IF(AND($I10<>"",$L10<>"",$I10>$L10),"Começa depois que a equipe termina",IF(AND($J10<>"",$K10<>"",$J10<$K10),"Termina antes de a equipe começar",IF(AND($J10="",$L10<>""),"Sem fim na viatura; a equipe tem fim",IF(AND($I10="",$K10<>""),"Sem início na viatura; a equipe tem início","Confere com a equipe"))))))))) | N10: =IF($G10="","",COUNTIFS(PESSOAS!$J$2:$J$600,$A10,PESSOAS!$C$2:$C$600,$G10,PESSOAS!$D$2:$D$600,"?*"))
F11: AGA | H11: =IF($G11="","",IFERROR(INDEX(EQUIPES!$B$2:$B$300,MATCH($G11,EQUIPES!$C$2:$C$300,0))&"","")) | K11: =IF($G11="","",IFERROR(IF(INDEX(EQUIPES!$D$2:$D$300,MATCH($G11,EQUIPES!$C$2:$C$300,0))="","",INDEX(EQUIPES!$D$2:$D$300,MATCH($G11,EQUIPES!$C$2:$C$300,0))),"")) | L11: =IF($G11="","",IFERROR(IF(INDEX(EQUIPES!$E$2:$E$300,MATCH($G11,EQUIPES!$C$2:$C$300,0))="","",INDEX(EQUIPES!$E$2:$E$300,MATCH($G11,EQUIPES!$C$2:$C$300,0))),"")) | M11: =IF($G11="","",IF(AND($K11="",$L11=""),"Equipe sem datas",IF(AND($I11="",$J11=""),"Preencher as datas da viatura",IF(AND($I11<>"",$K11<>"",$I11<$K11),"Começa antes do início da equipe",IF(AND($J11<>"",$L11<>"",$J11>$L11),"Termina depois do fim da equipe",IF(AND($I11<>"",$L11<>"",$I11>$L11),"Começa depois que a equipe termina",IF(AND($J11<>"",$K11<>"",$J11<$K11),"Termina antes de a equipe começar",IF(AND($J11="",$L11<>""),"Sem fim na viatura; a equipe tem fim",IF(AND($I11="",$K11<>""),"Sem início na viatura; a equipe tem início","Confere com a equipe"))))))))) | N11: =IF($G11="","",COUNTIFS(PESSOAS!$J$2:$J$600,$A11,PESSOAS!$C$2:$C$600,$G11,PESSOAS!$D$2:$D$600,"?*"))
F12: AGA | H12: =IF($G12="","",IFERROR(INDEX(EQUIPES!$B$2:$B$300,MATCH($G12,EQUIPES!$C$2:$C$300,0))&"","")) | K12: =IF($G12="","",IFERROR(IF(INDEX(EQUIPES!$D$2:$D$300,MATCH($G12,EQUIPES!$C$2:$C$300,0))="","",INDEX(EQUIPES!$D$2:$D$300,MATCH($G12,EQUIPES!$C$2:$C$300,0))),"")) | L12: =IF($G12="","",IFERROR(IF(INDEX(EQUIPES!$E$2:$E$300,MATCH($G12,EQUIPES!$C$2:$C$300,0))="","",INDEX(EQUIPES!$E$2:$E$300,MATCH($G12,EQUIPES!$C$2:$C$300,0))),"")) | M12: =IF($G12="","",IF(AND($K12="",$L12=""),"Equipe sem datas",IF(AND($I12="",$J12=""),"Preencher as datas da viatura",IF(AND($I12<>"",$K12<>"",$I12<$K12),"Começa antes do início da equipe",IF(AND($J12<>"",$L12<>"",$J12>$L12),"Termina depois do fim da equipe",IF(AND($I12<>"",$L12<>"",$I12>$L12),"Começa depois que a equipe termina",IF(AND($J12<>"",$K12<>"",$J12<$K12),"Termina antes de a equipe começar",IF(AND($J12="",$L12<>""),"Sem fim na viatura; a equipe tem fim",IF(AND($I12="",$K12<>""),"Sem início na viatura; a equipe tem início","Confere com a equipe"))))))))) | N12: =IF($G12="","",COUNTIFS(PESSOAS!$J$2:$J$600,$A12,PESSOAS!$C$2:$C$600,$G12,PESSOAS!$D$2:$D$600,"?*"))
F13: AGA | H13: =IF($G13="","",IFERROR(INDEX(EQUIPES!$B$2:$B$300,MATCH($G13,EQUIPES!$C$2:$C$300,0))&"","")) | K13: =IF($G13="","",IFERROR(IF(INDEX(EQUIPES!$D$2:$D$300,MATCH($G13,EQUIPES!$C$2:$C$300,0))="","",INDEX(EQUIPES!$D$2:$D$300,MATCH($G13,EQUIPES!$C$2:$C$300,0))),"")) | L13: =IF($G13="","",IFERROR(IF(INDEX(EQUIPES!$E$2:$E$300,MATCH($G13,EQUIPES!$C$2:$C$300,0))="","",INDEX(EQUIPES!$E$2:$E$300,MATCH($G13,EQUIPES!$C$2:$C$300,0))),"")) | M13: =IF($G13="","",IF(AND($K13="",$L13=""),"Equipe sem datas",IF(AND($I13="",$J13=""),"Preencher as datas da viatura",IF(AND($I13<>"",$K13<>"",$I13<$K13),"Começa antes do início da equipe",IF(AND($J13<>"",$L13<>"",$J13>$L13),"Termina depois do fim da equipe",IF(AND($I13<>"",$L13<>"",$I13>$L13),"Começa depois que a equipe termina",IF(AND($J13<>"",$K13<>"",$J13<$K13),"Termina antes de a equipe começar",IF(AND($J13="",$L13<>""),"Sem fim na viatura; a equipe tem fim",IF(AND($I13="",$K13<>""),"Sem início na viatura; a equipe tem início","Confere com a equipe"))))))))) | N13: =IF($G13="","",COUNTIFS(PESSOAS!$J$2:$J$600,$A13,PESSOAS!$C$2:$C$600,$G13,PESSOAS!$D$2:$D$600,"?*"))
... F101: AGA | H101: =IF($G101="","",IFERROR(INDEX(EQUIPES!$B$2:$B$300,MATCH($G101,EQUIPES!$C$2:$C$300,0))&"","")) | K101: =IF($G101="","",IFERROR(IF(INDEX(EQUIPES!$D$2:$D$300,MATCH($G101,EQUIPES!$C$2:$C$300,0))="","",INDEX(EQUIPES!$D$2:$D$300,MATCH($G101,EQUIPES!$C$2:$C$300,0))),"")) | L101: =IF($G101="","",IFERROR(IF(INDEX(EQUIPES!$E$2:$E$300,MATCH($G101,EQUIPES!$C$2:$C$300,0))="","",INDEX(EQUIPES!$E$2:$E$300,MATCH($G101,EQUIPES!$C$2:$C$300,0))),"")) | M101: =IF($G101="","",IF(AND($K101="",$L101=""),"Equipe sem datas",IF(AND($I101="",$J101=""),"Preencher as datas da viatura",IF(AND($I101<>"",$K101<>"",$I101<$K101),"Começa antes do início da equipe",IF(AND($J101<>"",$L101<>"",$J101>$L101),"Termina depois do fim da equipe",IF(AND($I101<>"",$L101<>"",$I101>$L101),"Começa depois que a equipe termina",IF(AND($J101<>"",$K101<>"",$J101<$K101),"Termina antes de a equipe começar",IF(AND($J101="",$L101<>""),"Sem fim na viatura; a equipe tem fim",IF(AND($I101="",$K101<>""),"Sem início na viatura; a equipe tem início","Confere com a equipe"))))))))) | N101: =IF($G101="","",COUNTIFS(PESSOAS!$J$2:$J$600,$A101,PESSOAS!$C$2:$C$600,$G101,PESSOAS!$D$2:$D$600,"?*"))
